rank_by_wp,a_title,a_diff,actual_a,slope,intercept,r,n,predicted_b,weight_r2,w_times_pred,predicted_over_max
1,KING,LEGGENDARIA,3940,0.984323,73.1458,0.9711,393,3951.3792,0.943053,3726.3584,True
2,Valanga,ANOTHER,3263,1.140255,242.8632,0.9682,370,3963.5152,0.937358,3715.2315,True
3,Arca,ANOTHER,3174,1.167423,286.3784,0.9635,266,3991.7782,0.928374,3705.8638,True
4,Carry Me Away,ANOTHER,3201,1.115940,394.5484,0.9649,349,3966.6714,0.930956,3692.7954,True
5,Echoes of Sunfall,ANOTHER,2990,1.239864,265.6555,0.9632,178,3972.8494,0.927839,3686.1653,True
6,海神,ANOTHER,3192,1.065498,573.6112,0.9615,299,3974.6805,0.924502,3674.6012,True
7,ONE AND ONLY,ANOTHER,3230,1.032936,680.5207,0.9561,314,4016.9045,0.914180,3672.1748,True
8,RED ZONE,LEGGENDARIA,3110,1.152626,364.0071,0.9634,336,3948.6733,0.928057,3664.5930,False
9,Apocalypse,ANOTHER,3597,1.074742,101.4674,0.9608,357,3967.3160,0.923111,3662.2743,True
10,Rave Cannon,ANOTHER,3367,0.992665,630.5371,0.9600,326,3972.8394,0.921536,3661.1158,True
11,RALLY '25,ANOTHER,3285,1.132500,277.3326,0.9558,462,3997.5935,0.913490,3651.7634,True
12,frequent,ANOTHER,3764,0.972834,308.7275,0.9589,343,3970.4749,0.919469,3650.7288,True
13,Nothing but Theory,LEGGENDARIA,3740,0.946268,389.8272,0.9637,356,3928.8689,0.928755,3648.9557,False
14,LIGHTNING STRIKES,ANOTHER,3254,1.167103,128.0816,0.9641,406,3925.8348,0.929456,3648.8904,False
15,COSMIC V3LOCITY,ANOTHER,3397,1.091228,315.1857,0.9524,281,4022.0863,0.907031,3648.1559,True
16,Ypsilon,ANOTHER,2898,1.406871,-130.2072,0.9614,139,3946.9045,0.924230,3647.8476,False
17,Raspberry Railgun,ANOTHER,3189,1.206127,127.0610,0.9579,342,3973.4010,0.917479,3645.5138,True
18,Viridian,ANOTHER,3369,0.929535,814.4834,0.9609,310,3946.0857,0.923283,3643.3539,False
19,BIGWAVERS,ANOTHER,3538,0.895010,809.1196,0.9571,298,3975.6636,0.916020,3641.7863,True
20,Mid-Corner (Magic Maker),ANOTHER,3154,0.990546,844.0739,0.9579,285,3968.2560,0.917631,3641.3932,True
21,XINOBIKILL,ANOTHER,2928,1.403276,-116.5773,0.9550,179,3992.2135,0.912019,3640.9742,True
22,Ypsilon,LEGGENDARIA,3571,0.887346,788.5841,0.9591,310,3957.2968,0.919955,3640.5364,True
23,encounter,ANOTHER,3312,1.074597,428.5730,0.9555,299,3987.6391,0.912922,3640.4028,True
24,麗 ～うらら～,ANOTHER,2616,1.619864,-330.4037,0.9651,241,3907.1617,0.931463,3639.3752,False
25,Begin,ANOTHER,3223,0.971793,792.1057,0.9629,450,3924.1931,0.927080,3638.0420,False
26,Nocturnal 2097,ANOTHER,2911,1.378466,-96.3833,0.9638,212,3916.3301,0.928893,3637.8520,False
27,Mukade,ANOTHER,3256,1.014951,660.3305,0.9578,229,3965.0118,0.917343,3637.2773,True
28,紅牡丹,ANOTHER,2876,1.277585,274.4340,0.9596,381,3948.7693,0.920783,3635.9597,False
29,20XX,ANOTHER,2702,1.339627,297.9371,0.9631,154,3917.6098,0.927490,3633.5456,False
30,GIGA VIOLATE,ANOTHER,2728,1.449092,-39.8540,0.9635,128,3913.2683,0.928291,3632.6516,False
31,Sirius,ANOTHER,3240,1.115094,346.7124,0.9576,302,3959.6171,0.917086,3631.3103,True
32,ベンガル vs. アムール Battle,ANOTHER,3688,0.949974,431.2787,0.9605,270,3934.7817,0.922550,3630.0328,False
33,JUSTICE/GUILTY feat. Nana Takahashi & 709sec.,ANOTHER,3880,1.151570,-511.2876,0.9575,328,3956.8054,0.916824,3627.6936,True
34,紫陽花 -AZISAI-,ANOTHER,2915,1.215599,482.2220,0.9486,301,4025.6932,0.899900,3622.7199,True
35,ユミル,ANOTHER,2860,1.417530,-98.5914,0.9570,224,3955.5431,0.915839,3622.6406,True
36,SPECIAL SUMMER CAMPAIGN!,ANOTHER,2982,1.376508,-174.8318,0.9600,335,3929.9154,0.921666,3622.0695,False
37,Garuda,ANOTHER,2622,1.542433,-77.3487,0.9555,150,3966.9096,0.912991,3621.7542,True
38,glacia,ANOTHER,2962,1.407487,-242.9314,0.9604,376,3926.0456,0.922286,3620.9387,False
39,ZZ,ANOTHER,3054,1.074912,648.2777,0.9597,374,3931.0592,0.921069,3620.7781,False
40,TIEFSEE,ANOTHER,3481,0.893705,808.5765,0.9608,366,3919.5637,0.923115,3618.2083,False
41,冬椿 ft. Kanae Asaba,LEGGENDARIA,3035,1.347551,-175.3069,0.9613,253,3914.5106,0.924153,3617.6052,False
42,Say YEEEAHH,ANOTHER,3295,1.093538,398.0826,0.9508,287,4001.2919,0.904043,3617.3379,True
43,Stereo Beasts,ANOTHER,3707,0.955009,415.4290,0.9562,317,3955.6457,0.914262,3616.4984,True
44,Here We Go Now,ANOTHER,3357,0.959803,760.6093,0.9529,282,3982.6686,0.908034,3616.3999,True
45,WONDER WALKER,ANOTHER,3813,0.830392,777.8282,0.9575,330,3944.1135,0.916838,3616.1124,False
46,Visterhv,ANOTHER,3717,0.850559,788.7606,0.9567,374,3950.2889,0.915309,3615.7354,True
47,KILL EACH OTHER,ANOTHER,3848,0.779341,969.9660,0.9544,341,3968.8703,0.910960,3615.4810,True
48,〆,ANOTHER,3712,0.967352,392.9719,0.9524,334,3983.7816,0.907062,3613.5350,True
49,残像ニ繋ガレタ追憶ノHIDEAWAY,ANOTHER,3568,1.147608,-169.4758,0.9594,420,3925.1900,0.920458,3612.9720,False
50,Get On Your Feet,ANOTHER,2743,1.483054,-112.0954,0.9556,135,3955.9207,0.913193,3612.5205,True
51,明鏡止水,ANOTHER,2820,1.432664,-49.2568,0.9513,193,3990.8556,0.904932,3611.4536,True
52,SOLID STATE SQUAD -RISEN RELIC REMIX-,ANOTHER,3223,1.079570,431.1577,0.9607,267,3910.6133,0.922942,3609.2705,False
53,dica dica,ANOTHER,3236,1.029383,726.3853,0.9431,316,4057.4698,0.889531,3609.2469,True
54,儚キ戀ノ幻想譚,ANOTHER,3560,0.920365,699.8942,0.9527,393,3976.3931,0.907616,3609.0387,True
55,月下繚乱,ANOTHER,2811,1.693331,-796.2547,0.9540,455,3963.6991,0.910131,3607.4855,True
56,#CMFLG,ANOTHER,3438,0.921404,793.8601,0.9541,326,3961.6479,0.910396,3606.6680,True
57,表裏一体！？怪盗いいんちょの悩み,ANOTHER,3597,0.949695,533.1466,0.9556,318,3949.2006,0.913157,3606.2405,False
58,FUZIN RIZIN,ANOTHER,3823,0.870967,637.3381,0.9534,319,3967.0435,0.908927,3605.7544,True
59,oratio,ANOTHER,2954,1.136158,591.3818,0.9557,297,3947.5913,0.913270,3605.2165,False
60,深淵に捧ぐレクイエム,ANOTHER,3054,1.002145,917.8547,0.9518,332,3978.4068,0.905926,3604.1438,True
61,Like+it!,ANOTHER,2382,1.843832,-439.8772,0.9548,194,3952.1299,0.911705,3603.1763,True
62,Drastic Dramatic,ANOTHER,3486,0.891338,807.2720,0.9593,357,3914.4746,0.920314,3602.5472,False
63,B.O.D.Y.,ANOTHER,3427,0.940518,760.3465,0.9510,335,3983.5006,0.904361,3602.5221,True
64,Aqvion,ANOTHER,3503,0.895359,799.5420,0.9566,380,3935.9838,0.915160,3602.0550,False
65,Konzert V,ANOTHER,3370,0.979260,701.6654,0.9484,325,4001.7716,0.899498,3599.5838,True
66,グッバイ宣言,LEGGENDARIA,3675,1.086323,-51.6970,0.9556,378,3940.5414,0.913195,3598.4841,False
67,Symmetry,ANOTHER,3290,1.035023,543.0945,0.9545,341,3948.3218,0.911136,3597.4566,False
68,めいさいアイドル☆あいむちゃん♪,ANOTHER,3359,0.973380,670.1468,0.9553,313,3939.7288,0.912685,3595.7315,False
69,Space Battleship S4TO,ANOTHER,3745,0.911728,495.5208,0.9588,441,3909.9436,0.919355,3594.6257,False
70,AA,ANOTHER,3632,0.888932,697.0523,0.9566,443,3925.6521,0.915021,3592.0531,False
71,FlyAway,ANOTHER,3250,0.969616,849.5938,0.9473,336,4000.8459,0.897346,3590.1425,True
72,Todestrieb,ANOTHER,3445,1.000776,485.4071,0.9554,417,3933.0815,0.912700,3589.7237,False
73,L.F.O,ANOTHER,3301,0.931278,864.6703,0.9546,346,3938.8194,0.911232,3589.1780,False
74,Dr. Chemical & Killing Machine,ANOTHER,3369,0.938289,768.8297,0.9556,368,3929.9257,0.913256,3589.0276,False
75,Flying Castle,ANOTHER,3689,0.827130,924.4280,0.9501,309,3975.7104,0.902658,3588.7087,True
76,EBONY & IVORY,ANOTHER,3001,0.904708,1214.1082,0.9556,285,3929.1369,0.913201,3588.0901,False
77,ALBA -黎明-,LEGGENDARIA,3928,0.783253,882.8285,0.9518,321,3959.4455,0.905950,3587.0598,True
78,Disco Killer Music Lover,ANOTHER,3067,1.141256,467.1906,0.9508,454,3967.4242,0.903996,3586.5343,True
79,Little Star,ANOTHER,3135,1.001488,770.2755,0.9575,300,3909.9403,0.916721,3584.3239,False
80,Pout,ANOTHER,2595,1.942294,-1151.2461,0.9600,175,3889.0078,0.921558,3583.9448,False
81,Snakey Kung-fu,ANOTHER,3461,1.026166,431.9580,0.9485,373,3983.5196,0.899667,3583.8427,True
82,reunion,ANOTHER,3244,1.066249,535.5054,0.9472,368,3994.4187,0.897209,3583.8265,True
83,Trill auf G,ANOTHER,3210,0.894143,1070.2640,0.9535,252,3940.4638,0.909092,3582.2454,False
84,華爛漫 -Flowers-,LEGGENDARIA,3179,0.976830,807.0681,0.9569,416,3912.4122,0.915597,3582.1931,False
85,EXTREME MACH COLLIDER,ANOTHER,2561,1.392801,346.6564,0.9567,109,3913.6201,0.915290,3582.0961,False
86,cinder,ANOTHER,3150,1.092616,543.2373,0.9479,266,3984.9780,0.898572,3580.7911,True
87,Feel The Beat,ANOTHER,3595,0.857363,888.5322,0.9494,301,3970.7527,0.901345,3579.0175,True
88,Battle Train -IIDX Edition-,ANOTHER,3277,1.207131,24.2802,0.9482,170,3980.0481,0.899139,3578.6157,True
89,ΕΛΠΙΣ,ANOTHER,3127,1.073500,568.3708,0.9547,361,3925.2062,0.911451,3577.6326,False
90,Fashion Fruit,ANOTHER,3045,1.378111,-247.5745,0.9515,428,3948.7725,0.905442,3575.3848,False
91,スパークリング☆彡ハイパーチューン！！,ANOTHER,3656,1.112083,-131.5195,0.9533,368,3934.2556,0.908755,3575.2764,False
92,M4K3 1T B0UNC3,ANOTHER,3048,1.226837,233.5662,0.9486,325,3972.9642,0.899773,3574.7668,True
93,Always We Trust In You,ANOTHER,3211,1.093865,487.4608,0.9454,323,3999.8614,0.893709,3574.7103,True
94,invoker,ANOTHER,3201,1.149844,265.2146,0.9517,289,3945.8664,0.905660,3573.6123,False
95,Countdown to Heaven or Hell,ANOTHER,3075,1.229505,157.5679,0.9525,440,3938.2964,0.907213,3572.8756,False
96,rommmo,ANOTHER,3469,0.942427,692.1885,0.9497,269,3961.4692,0.901882,3572.7781,True
97,GAIA,ANOTHER,3315,0.874964,1049.0715,0.9510,353,3949.5767,0.904434,3572.1332,False
98,神のシナリオ,ANOTHER,3264,1.192133,107.6966,0.9451,398,3998.8190,0.893274,3572.0397,True
99,Ghost Pulse,ANOTHER,2791,1.106891,838.6071,0.9536,327,3927.9410,0.909337,3571.8202,False
100,Bang Bang Dance,ANOTHER,2799,1.574226,-471.9443,0.9528,474,3934.3156,0.907837,3571.7161,False
101,Lethal Weapon,ANOTHER,3240,0.993405,762.6444,0.9471,343,3981.2751,0.896970,3571.0851,True
102,Meissa,ANOTHER,2819,1.123158,751.3646,0.9547,315,3917.5482,0.911474,3570.7417,False
103,Bahram Attack-猫叉Master Remix-,LEGGENDARIA,3262,1.272724,-217.1500,0.9526,259,3934.4754,0.907532,3570.6622,False
104,u gotta beat,ANOTHER,3544,0.866692,899.6228,0.9482,296,3971.1787,0.899063,3570.3409,True
105,Moving on,ANOTHER,2980,1.340800,-79.2356,0.9545,233,3916.3475,0.911090,3568.1457,False
106,Burning Flame,LEGGENDARIA,3798,0.738331,1170.0536,0.9474,285,3974.2365,0.897622,3567.3631,True
107,EVANESCENT,ANOTHER,3613,0.798617,1088.9265,0.9474,272,3974.3296,0.897521,3567.0441,True
108,Broken,ANOTHER,3148,1.001844,748.7064,0.9559,415,3902.5125,0.913760,3565.9608,False
109,Thunderbolt,ANOTHER,3797,0.839071,768.2089,0.9496,314,3954.1619,0.901725,3565.5684,True
110,kors k's How to make OTOGE CORE 「LONG」,ANOTHER,3641,0.928183,645.7044,0.9411,297,4025.2197,0.885595,3564.7147,True
111,Night! Night! Night!,ANOTHER,3032,1.182155,351.4667,0.9514,208,3935.7610,0.905254,3562.8618,False
112,新宝島,LEGGENDARIA,3560,0.844744,945.5475,0.9491,371,3952.8377,0.900770,3560.5979,True
113,Welcome,LEGGENDARIA,3349,0.921613,884.3633,0.9468,263,3970.8465,0.896394,3559.4437,True
114,Eine Haube ～聖地の果てにあるもの～,ANOTHER,2560,1.457791,180.6276,0.9538,184,3912.5721,0.909674,3559.1658,False
115,POLKAMANIA,ANOTHER,2962,1.208565,408.2362,0.9447,184,3988.0062,0.892442,3559.0627,True
116,ORCA,ANOTHER,3518,0.785915,1244.7425,0.9420,282,4009.5922,0.887437,3558.2616,True
117,Bow shock!!,ANOTHER,3085,1.546125,-845.3342,0.9521,326,3924.4623,0.906499,3557.5193,False
118,恋愛＝精度×認識力,ANOTHER,3409,0.909706,912.1492,0.9415,332,4013.3372,0.886362,3557.2706,True
119,SAY BAY,ANOTHER,2873,1.108885,811.9341,0.9432,315,3997.7602,0.889572,3556.2953,True
120,Fegrix,ANOTHER,3301,0.978399,752.7144,0.9450,304,3982.4104,0.892950,3556.0921,True
121,Friction[!]Function,ANOTHER,3179,1.003150,747.5488,0.9503,316,3936.5615,0.903137,3555.2556,False
122,Drop Syndicate,ANOTHER,3658,0.826988,974.9347,0.9426,291,4000.0568,0.888482,3553.9773,True
123,不沈艦CANDY,ANOTHER,3342,1.028585,533.4007,0.9460,378,3970.9328,0.894837,3553.3371,True
124,Lightspeed,ANOTHER,3168,1.143442,368.2007,0.9434,304,3990.6239,0.889963,3551.5069,True
125,ALBA -黎明-,ANOTHER,3221,1.249878,-124.0749,0.9540,240,3901.7828,0.910124,3551.1060,False
126,Blame,ANOTHER,1931,2.382654,-660.0435,0.9491,171,3940.8615,0.900845,3550.1072,False
127,Broken Sword,ANOTHER,3743,0.791025,966.8325,0.9506,378,3927.6387,0.903687,3549.3562,False
128,Godspeed,ANOTHER,3207,0.856910,1248.1466,0.9423,284,3996.2583,0.887870,3548.1561,True
129,天邪鬼,ANOTHER,3299,1.009224,597.8440,0.9504,368,3927.2749,0.903265,3547.3711,False
130,Acid Pumper,ANOTHER,2498,1.519748,184.1717,0.9438,254,3980.5026,0.890770,3545.7119,True
131,禊,ANOTHER,3213,0.909381,1063.5221,0.9430,381,3985.3635,0.889259,3544.0196,True
132,Farewell to Marrakech,ANOTHER,2282,2.126813,-801.0337,0.9351,172,4052.3547,0.874500,3543.7827,True
133,グッバイ宣言,ANOTHER,3111,1.758313,-1555.4192,0.9514,274,3914.6931,0.905182,3543.5097,False
134,HEISEI,ANOTHER,2555,1.758343,-567.1243,0.9500,202,3925.4428,0.902409,3542.3531,False
135,PLASMA SOUL NIGHT feat. Nana Takahashi / 709sec.,ANOTHER,4367,0.645236,1078.0817,0.9535,386,3895.8253,0.909142,3541.8566,False
136,DARK LEGACY,ANOTHER,3612,0.993923,383.2147,0.9441,339,3973.2628,0.891300,3541.3707,True
137,KING,ANOTHER,3094,1.719465,-1391.1909,0.9494,244,3928.8347,0.901310,3541.0984,False
138,Super Freak,ANOTHER,3459,0.992346,563.8132,0.9413,282,3996.3390,0.885995,3540.7349,True
139,Primitive Vibes,ANOTHER,3105,1.244233,86.7612,0.9467,360,3950.1035,0.896314,3540.5346,True
140,AA -rebuild-,ANOTHER,3624,0.706182,1388.7438,0.9470,324,3947.9471,0.896771,3540.4035,False
141,dAuntl3ss,ANOTHER,3502,0.875728,872.3699,0.9478,296,3939.1708,0.898279,3538.4740,False
142,Megalara Garuda,ANOTHER,3056,1.119130,531.0234,0.9463,346,3951.0832,0.895535,3538.3329,True
143,Summerlights(IIDX Edition),ANOTHER,3130,1.122820,434.9324,0.9462,316,3949.3587,0.895353,3536.0721,False
144,FLOWER,ANOTHER,2906,1.237198,350.1775,0.9466,258,3945.4754,0.896107,3535.5698,False
145,Neo Heritage,ANOTHER,2880,1.353670,65.7185,0.9443,119,3964.2881,0.891720,3535.0368,True
146,GIGA RAID,ANOTHER,2414,1.891993,-643.2451,0.9489,120,3924.0252,0.900326,3532.9001,False
147,The Sampling Paradise,ANOTHER,2999,1.099598,640.9882,0.9470,375,3938.6817,0.896882,3532.5310,False
148,Burning Flame,ANOTHER,2890,1.383547,-67.8499,0.9479,206,3930.6011,0.898582,3531.9681,False
149,NOIXIA,ANOTHER,3974,0.724409,1098.5665,0.9423,355,3977.3664,0.887935,3531.6439,True
150,This Is Club Musik feat. 大久保紅葉,ANOTHER,2648,1.372195,327.2624,0.9438,158,3960.8355,0.890747,3528.1014,True
151,KAMAITACHI,ANOTHER,2722,1.452800,-13.4177,0.9460,233,3941.1052,0.894968,3527.1647,False
152,chaplet -IIDX re:build-,ANOTHER,2900,1.219246,470.8351,0.9381,423,4006.6478,0.880084,3526.1855,True
153,Time Distortion pt.2(IIDX Edit),ANOTHER,2955,1.402005,-237.7703,0.9500,153,3905.1546,0.902586,3524.7368,False
154,Amazing Mirage,ANOTHER,2660,1.505739,-19.8034,0.9404,208,3985.4622,0.884261,3524.1890,True
155,Wolf 1061,ANOTHER,3137,1.016843,741.3652,0.9467,233,3931.2006,0.896335,3523.6736,False
156,Gravigazer,ANOTHER,3036,0.990997,969.7085,0.9408,274,3978.3753,0.885132,3521.3884,True
157,Matt Silver,ANOTHER,3336,0.957415,749.0343,0.9446,307,3942.9698,0.892318,3518.3818,False
158,True Blue,ANOTHER,3778,0.764289,1039.8807,0.9465,356,3927.3644,0.895783,3518.0669,False
159,MOCHIMOCHI DREAMIN!!,ANOTHER,3031,1.533690,-705.5504,0.9441,448,3943.0640,0.891295,3514.4338,False
160,RAIN,ANOTHER,3275,0.895328,997.4983,0.9457,318,3929.6962,0.894314,3514.3822,False
161,CALL,LEGGENDARIA,2705,1.561678,-287.3652,0.9445,254,3936.9726,0.892095,3512.1520,False
162,neu,ANOTHER,3945,0.865282,567.0030,0.9392,288,3980.5389,0.882189,3511.5887,True
163,Vinculum stellarum,ANOTHER,3620,0.794198,1050.5212,0.9458,285,3925.5184,0.894535,3511.5137,False
164,シュレーディンガーの猫,ANOTHER,3383,0.972573,641.0078,0.9447,326,3931.2206,0.892523,3508.7044,False
165,Silver Bullet,ANOTHER,3254,0.948105,954.4017,0.9319,332,4039.5347,0.868373,3507.8242,True
166,Catch ya Getcha!,ANOTHER,2877,1.257086,307.0991,0.9454,420,3923.7360,0.893809,3507.0693,False
167,THE DAY OF JUBILATIONS,ANOTHER,3456,0.894872,869.5606,0.9407,263,3962.2389,0.884964,3506.4379,True
168,Chaotoxin,ANOTHER,3342,0.945243,762.2398,0.9455,319,3921.2414,0.893979,3505.5070,False
169,Rampage,ANOTHER,3635,1.182620,-360.0673,0.9433,368,3938.7564,0.889811,3504.7493,False
170,24h Endurance Race,ANOTHER,3362,0.880020,1031.0466,0.9372,254,3989.6751,0.878331,3504.2548,True
171,Seven Times Four,ANOTHER,3369,0.922424,781.2146,0.9492,306,3888.8626,0.901037,3504.0080,False
172,BIGソムタム,ANOTHER,3357,1.461442,-962.1084,0.9425,404,3943.9528,0.888301,3503.4181,False
173,TECHNO RUMBLE,ANOTHER,2927,1.183068,504.0400,0.9396,251,3966.8796,0.882797,3501.9498,True
174,Vitamin,ANOTHER,2652,1.835060,-911.7349,0.9409,437,3954.8430,0.885284,3501.1605,True
175,Candy Galy,ANOTHER,3523,0.996856,402.7588,0.9457,355,3914.6839,0.894347,3501.0871,False
176,532nm,ANOTHER,2663,1.301579,470.2367,0.9428,224,3936.3428,0.888932,3499.1393,False
177,夢縁,ANOTHER,2982,1.458379,-458.5717,0.9484,260,3890.3153,0.899407,3498.9759,False
178,ゲシュタルト,LEGGENDARIA,3327,1.424631,-852.3911,0.9485,420,3887.3552,0.899601,3497.0698,False
179,FIRE FIRE,ANOTHER,2779,1.229051,573.7282,0.9361,363,3989.2610,0.876278,3495.7030,True
180,海神,LEGGENDARIA,3563,0.791050,1119.6870,0.9421,315,3938.1983,0.887489,3495.1079,False
181,世界の果てに約束の凱歌を -ReUnion-,ANOTHER,3895,0.783467,925.0286,0.9373,320,3976.6334,0.878615,3493.9288,True
182,THE CANNONBALLER,ANOTHER,3439,1.094760,176.9331,0.9411,245,3941.8126,0.885634,3491.0035,False
183,ZENDEGI DANCE,ANOTHER,2771,1.789425,-1028.3166,0.9423,242,3930.1788,0.887942,3489.7720,False
184,アイドル,LEGGENDARIA,3186,1.503693,-873.8401,0.9438,247,3916.9256,0.890831,3489.3174,False
185,NINJA IS DEAD IIDX ver.,ANOTHER,3009,1.354488,-140.0330,0.9415,304,3935.6206,0.886422,3488.6203,False
186,Jungle Eater,ANOTHER,2973,1.254419,172.3157,0.9456,151,3901.7023,0.894095,3488.4940,False
187,#The_Relentless,ANOTHER,2945,1.445032,-312.1326,0.9405,148,3943.4880,0.884604,3488.4241,False
188,千年ノ理,ANOTHER,3187,1.413262,-592.0992,0.9442,412,3911.9667,0.891551,3487.7198,False
189,Sword of Vengeance,ANOTHER,3240,1.195611,69.5425,0.9404,352,3943.3229,0.884426,3487.5768,False
190,n'pa pa BBQ,ANOTHER,2799,1.619764,-573.0922,0.9383,213,3960.6264,0.880469,3487.2068,True
191,Bring The Fire,ANOTHER,3408,0.936617,756.6491,0.9398,285,3948.6389,0.883135,3487.1831,False
192,Crazy Jackpot,ANOTHER,2805,1.298232,252.2627,0.9461,203,3893.8045,0.895174,3485.6324,False
193,龍と少女とデコヒーレンス,ANOTHER,2997,1.154570,451.6545,0.9439,193,3911.9009,0.891029,3485.6156,False
194,BEAT PRISONER,ANOTHER,3613,0.807670,1051.7722,0.9367,459,3969.8845,0.877450,3483.3751,True
195,Reflux,ANOTHER,3057,1.046213,820.8153,0.9310,324,4019.0888,0.866697,3483.3317,True
196,X,ANOTHER,3857,0.643218,1455.0026,0.9407,300,3935.8962,0.884961,3483.1157,False
197,閠槞彁の願い,ANOTHER,3157,0.854688,1277.8485,0.9359,294,3976.0994,0.875976,3482.9658,True
198,凛として咲く花の如く,LEGGENDARIA,3185,1.681268,-1454.9412,0.9449,307,3899.8961,0.892921,3482.2994,False
199,Pinky Happy Crazy,ANOTHER,3589,0.872857,861.1503,0.9338,315,3993.8337,0.871891,3482.1860,True
200,STULTI,ANOTHER,2765,0.832475,1671.0436,0.9362,259,3972.8368,0.876472,3482.0821,True
201,Rave Patroller,ANOTHER,3379,1.064346,336.5796,0.9408,359,3933.0051,0.885145,3481.2799,False
202,摩天楼,ANOTHER,2579,1.271213,700.2669,0.9354,324,3978.7242,0.874959,3481.2205,True
203,HYPE THE CORE,ANOTHER,3026,1.265366,144.0452,0.9359,232,3973.0414,0.875971,3480.2706,True
204,煉獄コンフィチュール,ANOTHER,2674,1.481810,-33.2537,0.9410,421,3929.1050,0.885547,3479.4059,False
205,Arkadia,ANOTHER,3667,0.682153,1435.8795,0.9395,314,3937.3355,0.882661,3475.3336,False
206,ミュージック・アワー,LEGGENDARIA,4057,0.774759,803.7808,0.9383,337,3946.9779,0.880425,3475.0170,False
207,バッド・スイーツ、バッド・ドリーム,ANOTHER,3638,0.868474,886.5863,0.9263,312,4046.0952,0.857983,3471.4798,True
208,華蝶風雪,LEGGENDARIA,3994,1.087678,-435.3396,0.9424,394,3908.8450,0.888099,3471.4394,False
209,セロトニン,ANOTHER,2352,1.819069,-330.6065,0.9377,145,3947.8429,0.879324,3471.4313,False
210,SHADE,ANOTHER,2889,1.403611,-177.9613,0.9462,268,3877.0712,0.895258,3470.9775,False
211,今宵、ロマンス横丁。,ANOTHER,3324,0.827986,1222.3645,0.9344,349,3974.5896,0.873045,3469.9953,True
212,Push on Beats!～音ゲの国のeX-ストリーマー～,ANOTHER,3357,0.953996,755.6720,0.9361,237,3958.2380,0.876206,3468.2312,True
213,INSOMNIA,ANOTHER,3239,0.946782,922.4600,0.9323,291,3989.0853,0.869234,3467.4468,True
214,crew,ANOTHER,2923,1.490881,-452.9738,0.9423,218,3904.8715,0.887937,3467.2812,False
215,神謳 -RESONANCE-,ANOTHER,4050,0.738053,968.9132,0.9358,331,3958.0289,0.875803,3466.4535,True
216,伐折羅-vajra-,ANOTHER,3699,0.665834,1507.8168,0.9342,323,3970.7368,0.872691,3465.2244,True
217,たまゆら,ANOTHER,2780,1.219727,562.5352,0.9361,350,3953.3754,0.876250,3464.1446,True
218,旅人リラン,ANOTHER,2660,1.339653,420.8964,0.9324,280,3984.3741,0.869389,3463.9712,True
219,CUE CUE RESCUE,LEGGENDARIA,3081,1.400142,-395.7612,0.9399,369,3918.0776,0.883381,3461.1540,False
220,電人、暁に斃れる。,ANOTHER,3417,0.844934,1084.3201,0.9335,447,3971.4580,0.871446,3460.9097,True
221,NNRT,ANOTHER,3350,1.101555,100.8250,0.9554,317,3791.0333,0.912745,3460.2479,False
222,Close the World feat.a☆ru,LEGGENDARIA,3905,0.543502,1838.9875,0.9344,273,3961.3614,0.873121,3458.7480,True
223,UMMU,ANOTHER,3116,1.024689,800.0135,0.9307,223,3992.9436,0.866177,3458.5950,True
224,RUGGED ASH,LEGGENDARIA,2046,1.644903,612.0243,0.9325,234,3977.4966,0.869490,3458.3925,True
225,of the first magnitude,ANOTHER,2972,1.520904,-575.9578,0.9363,253,3944.1690,0.876704,3457.8698,False
226,ラブコメトキドキシリアス,ANOTHER,3726,0.844490,839.9728,0.9312,258,3986.5435,0.867196,3457.1160,True
227,From Human Blood,ANOTHER,3589,0.831947,960.7412,0.9358,420,3946.5973,0.875775,3456.3311,False
228,Twelfth Style,LEGGENDARIA,3262,0.835824,1216.6899,0.9360,342,3943.1481,0.876106,3454.6144,False
229,Caterpillar,ANOTHER,3081,1.047768,810.5887,0.9248,293,4038.7620,0.855323,3454.4467,True
230,#MAGiCVLGiRL_TRVP_B3VTZ,ANOTHER,3392,1.169151,-59.1430,0.9403,324,3906.6171,0.884088,3453.7934,False
231,Star Trail,LEGGENDARIA,2555,1.303713,582.2946,0.9394,204,3913.2802,0.882531,3453.5899,False
232,Painful Fate,ANOTHER,3337,0.815927,1227.2418,0.9350,329,3949.9916,0.874270,3453.3588,False
233,Highcharge Divolt,ANOTHER,2807,1.343761,197.8070,0.9327,363,3969.7455,0.869892,3453.2504,True
234,VOLCANIC BIGBEAT,ANOTHER,2864,1.332677,232.7237,0.9234,264,4049.5107,0.852668,3452.8898,True
235,ANTHEM LANDING,ANOTHER,2967,1.326631,-15.8423,0.9385,302,3920.2708,0.880729,3452.6966,False
236,Rejection Girl,ANOTHER,2687,1.640595,-431.4459,0.9317,287,3976.8318,0.868150,3452.4883,True
237,Sun Field,ANOTHER,2389,1.695654,-210.7811,0.9481,151,3840.1361,0.898900,3451.8983,False
238,I,ANOTHER,3699,0.747414,1210.6804,0.9318,298,3975.3649,0.868226,3451.5155,True
239,sakura storm,ANOTHER,2433,1.639613,-30.8885,0.9336,335,3958.2891,0.871595,3450.0260,True
240,轟け！恋のビーンボール！！,ANOTHER,3538,0.808047,1116.5048,0.9314,274,3975.3759,0.867582,3448.9639,True
241,Honey Trap,ANOTHER,2536,1.689171,-342.3783,0.9354,215,3941.3594,0.874908,3448.3254,False
242,O/D*20,LEGGENDARIA,3887,0.701349,1240.4988,0.9322,314,3966.6409,0.868988,3446.9651,True
243,龍と少女とデコヒーレンス,LEGGENDARIA,3402,0.791545,1250.7206,0.9349,301,3943.5556,0.874045,3446.8469,False
244,Override,ANOTHER,2868,1.426793,-215.6865,0.9429,186,3876.3545,0.889007,3446.1061,False
245,Bad Maniacs,ANOTHER,3266,0.738161,1560.6632,0.9314,354,3971.4985,0.867591,3445.6344,True
246,雪月花,ANOTHER,2515,1.384424,480.1185,0.9325,366,3961.9454,0.869551,3445.1136,True
247,DropZ-Line-,ANOTHER,3239,0.820009,1361.8278,0.9260,239,4017.8368,0.857435,3445.0322,True
248,KYAMISAMA ONEGAI!,LEGGENDARIA,3081,1.229324,196.5589,0.9298,297,3984.1069,0.864608,3444.6894,True
249,405nm (Ryu☆mix),ANOTHER,2589,1.708745,-484.1520,0.9350,252,3939.7886,0.874134,3443.9031,False
250,UNDO THE NIGHT,ANOTHER,3474,0.913997,835.3104,0.9267,305,4010.5371,0.858685,3443.7882,True
251,Romanticが止まらない,ANOTHER,2729,2.074677,-1780.1051,0.9419,257,3881.6886,0.887176,3443.7421,False
252,きみのせかい,ANOTHER,2835,1.841060,-1323.8195,0.9400,173,3895.5859,0.883658,3442.3666,False
253,DAZZLE ATTACK,ANOTHER,2848,1.634317,-753.4299,0.9392,235,3901.1040,0.882166,3441.4212,False
254,BLACK or WHITE?,ANOTHER,3975,0.681012,1266.4402,0.9305,377,3973.4632,0.865916,3440.6843,True
255,Hollywood Galaxy,ANOTHER,2752,1.047329,1099.4944,0.9292,313,3981.7452,0.863441,3438.0033,True
256,旋律のドグマ～Miserables～,ANOTHER,3952,0.758054,951.2962,0.9332,298,3947.1265,0.870906,3437.5765,False
257,Derelict Star feat. Ryu*,ANOTHER,2592,1.638844,-374.0767,0.9420,139,3873.8082,0.887345,3437.4059,False
258,Secrets,ANOTHER,3132,1.221359,77.9120,0.9384,180,3903.2078,0.880546,3436.9537,False
259,カゴノトリ～弐式～,ANOTHER,2597,1.502981,-15.4837,0.9402,386,3887.7569,0.883902,3436.3953,False
260,Exhaust Hype,ANOTHER,2778,1.520984,-349.3566,0.9415,148,3875.9363,0.886466,3435.8857,False
261,Lisa-RICCIA,ANOTHER,3350,1.406294,-770.6556,0.9337,470,3940.4297,0.871804,3435.2823,False
262,fffff,ANOTHER,3114,0.917634,1082.1321,0.9337,277,3939.6452,0.871817,3434.6488,False
263,BLUST OF WIND,LEGGENDARIA,2599,1.763575,-662.8238,0.9358,175,3920.7071,0.875790,3433.7174,False
264,ALTERNATOR,ANOTHER,3761,0.859298,750.5635,0.9286,395,3982.3821,0.862224,3433.7057,True
265,CHAOTIC SUNBIRD,ANOTHER,3281,1.233847,-109.3801,0.9336,195,3938.8733,0.871636,3433.2625,False
266,ミラージュ・レジデンス,LEGGENDARIA,3313,0.976236,738.2362,0.9296,355,3972.5058,0.864224,3433.1345,True
267,Grand Chariot,ANOTHER,3442,0.782895,1268.3442,0.9307,299,3963.0682,0.866222,3432.8954,True
268,Line 4 Ruin,ANOTHER,2795,1.653885,-717.4447,0.9375,286,3905.1626,0.878911,3432.2916,False
269,Xperanza,ANOTHER,3215,1.031123,676.8238,0.9272,299,3991.8829,0.859636,3431.5666,True
270,Aurora,ANOTHER,2485,1.671837,-324.6630,0.9465,274,3829.8521,0.895911,3431.2067,False
271,神っぽいな,LEGGENDARIA,3040,1.056085,767.8758,0.9286,333,3978.3752,0.862254,3430.3695,True
272,アストライアの双皿,ANOTHER,3217,0.985303,875.3299,0.9208,271,4045.0502,0.847855,3429.6178,True
273,FANTASTIC THREE,ANOTHER,3222,1.113908,402.5075,0.9269,268,3991.5187,0.859194,3429.4901,True
274,V2,ANOTHER,3587,0.911538,703.8177,0.9290,323,3973.5053,0.863037,3429.2808,True
275,27th style,ANOTHER,2575,1.439426,286.9368,0.9266,278,3993.4583,0.858567,3428.6510,True
276,お菓子の王国,ANOTHER,4078,0.769824,845.9064,0.9273,410,3985.2502,0.859901,3426.9194,True
277,ELYSIUM,ANOTHER,2724,1.655557,-578.4961,0.9336,163,3931.2412,0.871547,3426.2622,False
278,KAISER PHOENIX,ANOTHER,3254,0.762332,1462.4018,0.9321,312,3943.0303,0.868733,3425.4418,False
279,廿,LEGGENDARIA,3392,0.941367,834.2618,0.9219,234,4027.3800,0.849862,3422.7156,True
280,怪物,LEGGENDARIA,3288,1.944023,-2483.9341,0.9358,336,3908.0126,0.875686,3422.1914,False
281,MARLIN,ANOTHER,3504,0.799871,1132.6997,0.9325,298,3935.4473,0.869563,3422.1181,False
282,BattleRoyal,ANOTHER,2585,1.621677,-234.9157,0.9295,456,3957.1193,0.864049,3419.1446,True
283,2 Be Continued,ANOTHER,3569,0.750408,1219.4724,0.9366,431,3897.6799,0.877183,3418.9787,False
284,Double Dribble,ANOTHER,3345,1.120085,233.3733,0.9265,318,3980.0584,0.858324,3416.1786,True
285,Outbreak,ANOTHER,3015,1.337181,-138.2445,0.9367,211,3893.3572,0.877359,3415.8720,False
286,Macuilxochitl,ANOTHER,3321,0.962325,714.8794,0.9344,290,3910.7615,0.873149,3414.6780,False
287,The Limbo,ANOTHER,3326,0.986932,674.6664,0.9289,330,3957.2007,0.862868,3414.5411,True
288,Satellite Burst,ANOTHER,3875,0.665962,1386.4991,0.9277,296,3967.1009,0.860713,3414.5365,True
289,EXODUS SIGN,ANOTHER,2702,1.335784,417.7100,0.9207,188,4026.9991,0.847620,3413.3639,True
290,Evans,ANOTHER,2851,1.074381,944.6987,0.9228,314,4007.7599,0.851585,3412.9494,True
291,ιgniЯRuina,ANOTHER,3489,0.798171,1138.7350,0.9325,405,3923.5534,0.869643,3412.0909,False
292,TOKAKU=ALMiRAJ,ANOTHER,2856,1.334907,168.9548,0.9255,364,3981.4484,0.856567,3410.3781,True
293,Concertino in Blue,ANOTHER,2538,1.193275,992.0926,0.9208,268,4020.6234,0.847870,3408.9648,True
294,pique,ANOTHER,3048,1.424873,-386.2816,0.9281,180,3956.7326,0.861356,3408.1559,True
295,パ→ピ→プ→Yeah!,ANOTHER,2548,1.860855,-837.7279,0.9342,254,3903.7303,0.872731,3406.9046,False
296,POODLE,LEGGENDARIA,3385,1.200490,-151.9601,0.9331,226,3911.6991,0.870752,3406.1190,False
297,Constellation,ANOTHER,2843,1.324773,190.7488,0.9276,181,3957.0778,0.860395,3404.6508,True
298,BRAINSTORM,ANOTHER,2816,1.333363,236.3276,0.9230,446,3991.0787,0.851918,3400.0730,True
299,Temple of Anubis,ANOTHER,2620,1.519762,-94.1884,0.9352,165,3887.5883,0.874562,3399.9387,False
300,Rock It,ANOTHER,2956,1.276362,167.6780,0.9288,145,3940.6032,0.862760,3399.7947,False
301,DEEP ROAR,ANOTHER,2759,1.659281,-686.7018,0.9346,239,3891.2531,0.873560,3399.2434,False
302,ASIAN VIRTUAL REALITIES (MELTING TOGETHER IN DAZZLING DARKNESS),ANOTHER,3388,0.840447,1181.4838,0.9181,286,4028.9194,0.842907,3396.0032,True
303,INHERITANCE,ANOTHER,2823,1.387225,-0.6500,0.9312,213,3915.4867,0.867145,3395.2953,False
304,gigadelic,ANOTHER,2553,1.436382,325.0844,0.9221,300,3992.1673,0.850300,3394.5398,True
305,閃と雷管とロープ,ANOTHER,2576,1.969588,-1160.4949,0.9310,433,3913.1626,0.866669,3391.4179,False
306,EMERALDAS,ANOTHER,3558,0.533536,2072.3198,0.9240,328,3970.6425,0.853801,3390.1397,True
307,TOGAKUSHI,ANOTHER,2659,1.255669,663.1403,0.9203,342,4001.9653,0.846923,3389.3554,True
308,夏色DIARY - L.E.D.-G STYLE MIX -,ANOTHER,3107,0.913333,1117.3069,0.9257,259,3955.0328,0.856964,3389.3208,True
309,A MINSTREL ～ ver. short-scape ～,LEGGENDARIA,3876,1.063569,-264.5447,0.9373,417,3857.8496,0.878543,3389.2857,False
310,Amethyst,ANOTHER,2594,1.561919,-174.4006,0.9349,226,3877.2176,0.873955,3388.5130,False
311,ABSOLUTE EVIL,ANOTHER,3476,0.975117,598.1740,0.9216,390,3987.6816,0.849296,3386.7232,True
312,Elektrick U-Phoria,ANOTHER,3114,1.259745,-2.2538,0.9293,152,3920.5931,0.863655,3386.0389,False
313,覚悟せよ！エンタンメ～ン ～より身の切り売り自暴自棄版～,ANOTHER,2914,1.415258,-88.4102,0.9158,226,4035.6530,0.838711,3384.7455,True
314,DIAMOND CROSSING,ANOTHER,3113,0.857033,1301.1476,0.9233,367,3969.0904,0.852511,3383.6948,True
315,MINT,ANOTHER,2268,1.533259,385.1825,0.9359,259,3862.6133,0.875934,3383.3951,False
316,T-REX vs Velociraptor (In the Far east euphoria),ANOTHER,3226,1.014589,688.4922,0.9240,337,3961.5571,0.853815,3382.4376,True
317,Swarm Of Scarabs,ANOTHER,2404,1.665921,-60.1548,0.9260,147,3944.7193,0.857400,3382.2005,False
318,GO!,ANOTHER,3164,1.108223,580.8754,0.9096,313,4087.2931,0.827443,3382.0010,True
319,Rock Da House,ANOTHER,2243,2.348238,-1361.7714,0.9303,167,3905.3261,0.865540,3380.2162,False
320,[ ]DENTITY,ANOTHER,3845,0.819417,870.8149,0.9165,325,4021.4742,0.839968,3377.9095,True
321,LOCUS OF THE TRAVEL,ANOTHER,3725,0.629517,1659.3396,0.9183,280,4004.2898,0.843339,3376.9751,True
322,Vulnerability,ANOTHER,3626,0.638821,1644.5251,0.9233,330,3960.8887,0.852513,3376.7105,True
323,千年ノ理,LEGGENDARIA,4271,0.552529,1561.3998,0.9279,346,3921.2524,0.861070,3376.4735,False
324,We're so Happy (P*Light Remix) IIDX ver.,ANOTHER,3717,0.819663,904.0994,0.9244,289,3950.7880,0.854480,3375.8709,True
325,TOMAHAWK,ANOTHER,3564,0.870328,941.4415,0.9137,291,4043.2897,0.834782,3375.2646,True
326,hora de verdad,ANOTHER,3074,0.868188,1322.6721,0.9195,216,3991.4810,0.845547,3374.9856,True
327,Artist,ANOTHER,3618,0.712367,1418.5281,0.9189,297,3995.8708,0.844368,3373.9850,True
328,∀,ANOTHER,3523,0.742423,1317.5361,0.9261,357,3933.0920,0.857734,3373.5459,False
329,fallen leaves -IIDX edition-,ANOTHER,3416,0.778527,1285.8151,0.9247,304,3945.2618,0.855021,3373.2806,False
330,SOLID WYVERN,ANOTHER,2643,1.576274,-240.7961,0.9269,153,3925.2963,0.859231,3372.7356,False
331,#The_Relentless,LEGGENDARIA,4379,0.474808,1859.5212,0.9252,301,3938.7064,0.856057,3371.7582,False
332,bloomin' feeling,ANOTHER,2615,1.628785,-327.7801,0.9258,256,3931.4915,0.857095,3369.6626,False
333,Xerulean,ANOTHER,3476,0.605989,1887.4768,0.9183,278,3993.8955,0.843220,3367.7335,True
334,2 tribe 4 K,ANOTHER,2751,1.392634,72.1843,0.9285,172,3903.3194,0.862100,3365.0516,False
335,ピアノ協奏曲第１番”蠍火”,ANOTHER,2711,1.327854,453.5566,0.9107,361,4053.3695,0.829464,3362.1231,True
336,Linus,ANOTHER,2201,2.160047,-842.9092,0.9270,177,3911.3541,0.859278,3360.9414,False
337,Empire of Fury,ANOTHER,3308,0.872455,1097.9348,0.9184,269,3984.0144,0.843444,3360.2923,True
338,GRID KNIGHT,LEGGENDARIA,3486,0.979795,477.1314,0.9290,338,3892.6984,0.863049,3359.5876,False
339,BLUE DRAGON(雷龍RemixIIDX),ANOTHER,3309,1.080256,339.5594,0.9263,314,3914.1278,0.858101,3358.7168,False
340,電腦都市,ANOTHER,3338,0.923288,831.5723,0.9258,287,3913.5060,0.857096,3354.2490,False
341,Cross Fire,ANOTHER,3338,0.739370,1476.7788,0.9221,301,3944.7948,0.850290,3354.2214,False
342,B4U(BEMANI FOR YOU MIX),ANOTHER,3583,0.966300,488.8134,0.9213,208,3951.0664,0.848813,3353.7167,True
343,The Onlyonez,ANOTHER,3132,1.414317,-477.9182,0.9209,327,3951.7217,0.848004,3351.0773,True
344,Sounds Of Summer,ANOTHER,2990,1.086347,676.8557,0.9240,342,3925.0342,0.853724,3350.8957,False
345,NZM,ANOTHER,3494,0.745284,1391.8271,0.9155,320,3995.8503,0.838128,3349.0358,True
346,Tiempo Loco,ANOTHER,3713,0.702655,1331.9293,0.9218,359,3940.8878,0.849720,3348.6495,False
347,未完成ノ蒸氣驅動乙女,ANOTHER,3003,1.023378,937.6664,0.9137,315,4010.8700,0.834869,3348.5499,True
348,one or eight,ANOTHER,2309,1.537143,491.0151,0.9103,327,4040.2776,0.828586,3347.7195,True
349,VALLIS-NERIA,ANOTHER,2958,1.348336,-46.5209,0.9215,256,3941.8580,0.849237,3347.5736,False
350,Colorful Cookie,ANOTHER,3333,0.877526,865.6217,0.9397,465,3790.4155,0.882992,3346.9054,False
351,God Mind,ANOTHER,4131,0.513582,1854.2663,0.9174,310,3975.8718,0.841620,3346.1748,True
352,Ancient Scapes,LEGGENDARIA,4235,0.483694,1881.7615,0.9226,273,3930.2036,0.851273,3345.6747,False
353,A Certified Rave Moment,ANOTHER,2777,1.508556,-204.7238,0.9163,440,3984.5362,0.839524,3345.1144,True
354,Shadow World,ANOTHER,2711,2.047042,-1659.0173,0.9272,453,3890.5130,0.859727,3344.7806,False
355,(This Is Not) The Angels,ANOTHER,2715,1.622302,-470.5588,0.9218,340,3933.9918,0.849783,3343.0376,False
356,Level 2,ANOTHER,2898,1.051835,1004.8855,0.9081,333,4053.1034,0.824671,3342.4786,True
357,ZEPHYRANTHES,LEGGENDARIA,3871,0.635314,1471.9121,0.9220,254,3931.2144,0.850054,3341.7437,False
358,でんぱ どりる わんにゃー☆三,ANOTHER,3344,1.794399,-2092.9611,0.9247,448,3907.5090,0.855159,3341.5432,False
359,BITTER CHOCOLATE STRIKER,ANOTHER,3957,0.721025,1089.6418,0.9206,389,3942.7371,0.847425,3341.1721,False
360,≡+≡,LEGGENDARIA,4555,0.508410,1613.5156,0.9218,383,3929.3220,0.849684,3338.6814,False
361,Steel Edge,ANOTHER,3181,1.480565,-780.2289,0.9218,362,3929.4498,0.849640,3338.6181,False
362,Unbelief,ANOTHER,3266,0.742809,1598.0001,0.9108,279,4024.0142,0.829577,3338.2299,True
363,津軽雪,ANOTHER,3856,0.681147,1314.8757,0.9201,346,3941.3800,0.846621,3336.8539,False
364,DEADHEAT,ANOTHER,3369,0.960450,755.4795,0.9139,305,3991.2353,0.835294,3333.8565,True
365,Binary Black Hole,ANOTHER,3911,0.565607,1760.1630,0.9160,326,3972.2513,0.839145,3333.2933,True
366,Elektrick U-Phoria,LEGGENDARIA,3927,0.595659,1559.3196,0.9246,302,3898.4720,0.854966,3333.0628,False
367,ここからよろしく大作戦143,LEGGENDARIA,3156,1.844370,-1949.2299,0.9278,265,3871.6012,0.860753,3332.4940,False
368,ぞうしょく！？マイデンティティ,ANOTHER,3611,0.726556,1309.2391,0.9205,295,3932.8346,0.847231,3332.0187,False
369,Selfish Sweet,LEGGENDARIA,2610,1.573642,-130.5120,0.9153,364,3976.6937,0.837830,3331.7939,True
370,水鏡の異界,ANOTHER,3154,0.837872,1305.8738,0.9185,326,3948.5231,0.843693,3331.3414,False
371,COSMIC RAY,ANOTHER,2890,0.791089,1664.1827,0.9182,255,3950.4295,0.843036,3330.3533,True
372,ANCHOR,ANOTHER,3585,0.744405,1267.3553,0.9196,354,3936.0488,0.845619,3328.3987,False
373,POLKAMANIA,LEGGENDARIA,3737,0.699565,1379.6676,0.9129,383,3993.9433,0.833342,3328.3198,True
374,ラビットホール,ANOTHER,2936,1.841344,-1500.2701,0.9230,353,3905.9150,0.851971,3327.7254,False
375,Holic,ANOTHER,1698,2.288611,-3.4334,0.9257,193,3882.6285,0.856972,3327.3055,False
376,Zirkfied,ANOTHER,3825,0.612688,1628.3835,0.9152,336,3971.9158,0.837666,3327.1374,True
377,Onyx,ANOTHER,2414,2.031105,-953.6636,0.9177,228,3949.4243,0.842245,3326.3824,False
378,GOBBLE,ANOTHER,1703,1.991315,548.1199,0.9188,178,3939.3293,0.844196,3325.5643,False
379,Boomy and The Boost,ANOTHER,3607,0.881285,817.5924,0.9119,355,3996.3869,0.831630,3323.5157,True
380,火影,ANOTHER,2821,1.196588,736.3824,0.8989,309,4111.9565,0.808086,3322.8130,True
381,quell～the seventh slave～,ANOTHER,3161,0.796130,1411.2611,0.9196,360,3927.8270,0.845720,3321.8417,False
382,LOUDER ROLLING THUNDER,ANOTHER,3424,0.668937,1691.2909,0.9134,232,3981.7296,0.834225,3321.6572,True
383,嘆きの樹,ANOTHER,3915,0.623694,1530.1724,0.9142,371,3971.9353,0.835730,3319.4657,True
384,PERFECT GREAT!!,ANOTHER,3842,0.650239,1460.1097,0.9156,278,3958.3296,0.838337,3318.4154,True
385,AMRITA -不滅ノ花-,ANOTHER,2777,1.606197,-531.9024,0.9189,240,3928.5081,0.844410,3317.2721,False
386,CaptivAte2～覚醒～,ANOTHER,2407,1.466450,387.0880,0.9201,184,3916.8322,0.846625,3316.0881,False
387,Bow shock!!,LEGGENDARIA,4272,0.576191,1473.0278,0.9180,342,3934.5153,0.842658,3315.4502,False
388,Quakes,ANOTHER,3181,0.813845,1375.2408,0.9144,303,3964.0831,0.836123,3314.4613,True
389,えだまめカレークッキング,ANOTHER,2220,2.067704,-613.2662,0.9128,229,3977.0360,0.833254,3313.8820,True
390,THE F∀UST,ANOTHER,3644,0.599006,1786.4874,0.9137,305,3969.2667,0.834861,3313.7873,True
391,Debtty Daddy,ANOTHER,2725,1.488728,-112.9030,0.9166,165,3943.8813,0.840207,3313.6750,False
392,勇者,ANOTHER,2488,2.513568,-2327.8386,0.9187,235,3925.9187,0.843965,3313.3395,False
393,⁽⁽ଘ( ˙꒳˙ )ଓ⁾⁾ beyond reason,ANOTHER,3738,0.624233,1571.9599,0.9208,390,3905.3417,0.847872,3311.2288,False
394,Liberation,ANOTHER,3709,0.857974,742.9907,0.9184,286,3925.2152,0.843432,3310.6525,False
395,ミュージック・アワー,ANOTHER,3021,1.405337,-306.8486,0.9167,182,3938.6739,0.840263,3309.5218,False
396,SOLID WYVERN,LEGGENDARIA,3922,0.586136,1656.0508,0.9147,312,3954.8780,0.836719,3309.1213,True
397,蛇神,LEGGENDARIA,3758,0.567831,1838.5947,0.9126,305,3972.5053,0.832845,3308.4793,True
398,ruin of opals,ANOTHER,3236,0.826556,1375.6579,0.9036,287,4050.3937,0.816576,3307.4541,True
399,PLEASE DON'T GO,ANOTHER,2446,1.322470,727.0715,0.9137,240,3961.8341,0.834797,3307.3261,True
400,がっつり陰キャ!? 怪盗いいんちょの億劫^^;,ANOTHER,4258,0.497741,1831.1228,0.9149,320,3950.5032,0.837120,3307.0464,True
401,ABSOLUTE,LEGGENDARIA,2749,1.427300,3.9873,0.9176,212,3927.6339,0.841985,3307.0090,False
402,Routing,ANOTHER,2590,1.449572,297.3680,0.9031,235,4051.7592,0.815569,3304.4889,True
403,RUINA,ANOTHER,2918,0.862851,1538.9598,0.9024,173,4056.7582,0.814313,3303.4720,True
404,DRUNK MONKY,ANOTHER,2325,1.160371,1263.6653,0.9126,267,3961.5275,0.832895,3299.5358,True
405,焔極OVERKILL,ANOTHER,3662,0.710559,1411.5916,0.9065,297,4013.6574,0.821673,3297.9138,True
406,Xlo,ANOTHER,3831,0.652071,1492.1286,0.9091,271,3990.2137,0.826473,3297.8057,True
407,Scripted Connection⇒ A mix,LEGGENDARIA,3455,0.746536,1390.1043,0.9115,253,3969.3862,0.830753,3297.5804,True
408,Butterfly Twist,ANOTHER,2697,1.811886,-1021.2682,0.9233,226,3865.3881,0.852461,3295.0928,False
409,hard-wired,ANOTHER,3618,0.660576,1603.8574,0.9079,300,3993.8207,0.824220,3291.7871,True
410,表裏一体！？怪盗いいんちょの悩み,LEGGENDARIA,4471,0.484381,1799.8435,0.9107,288,3965.5122,0.829370,3288.8752,True
411,ECHIDNA,ANOTHER,3445,0.713583,1545.5470,0.9063,358,4003.8392,0.821361,3288.5992,True
412,MENDES,ANOTHER,3591,0.598036,1797.8771,0.9130,369,3945.4250,0.833500,3288.5101,False
413,Volcanic Dragon,ANOTHER,2962,1.504509,-550.7263,0.9176,166,3905.6279,0.841981,3288.4638,False
414,1116,ANOTHER,3092,0.873311,1289.6250,0.9078,317,3989.9040,0.824013,3287.7309,True
415,B4U(BEMANI FOR YOU MIX),LEGGENDARIA,4626,0.404632,2073.3274,0.9128,324,3945.1529,0.833293,3287.4689,False
416,LAB,LEGGENDARIA,2705,1.176720,742.2534,0.9150,345,3925.2802,0.837265,3286.5016,False
417,TRIUMPH,ANOTHER,3407,0.939659,792.2722,0.9067,368,3993.6916,0.822093,3283.1855,True
418,Almagest,ANOTHER,3154,0.651950,1892.5188,0.9118,334,3948.7675,0.831409,3283.0427,False
419,Smashing Wedge,ANOTHER,3789,0.614609,1637.4581,0.9098,309,3966.2121,0.827705,3282.8531,True
420,CHRONO DIVER -NORNIR-,LEGGENDARIA,4409,0.578847,1388.4880,0.9124,344,3940.6225,0.832412,3280.2203,False
421,POSSESSION,ANOTHER,3012,1.244343,244.8538,0.9061,340,3992.8138,0.821009,3278.1377,True
422,CADENZA,ANOTHER,4541,0.457928,1858.1720,0.9122,352,3937.6216,0.832191,3276.8544,False
423,ピアノ協奏曲第1番”蠍火” (BlackY Remix),ANOTHER,3774,0.754587,1127.0335,0.9079,323,3974.8438,0.824267,3276.3328,True
424,Papilio ulysses,ANOTHER,2872,0.997028,1078.4731,0.9117,323,3941.9361,0.831140,3276.3006,False
425,Peaktime Booster,ANOTHER,3246,0.827554,1326.4103,0.9034,278,4012.6501,0.816147,3274.9143,True
426,PUNISHER,ANOTHER,3247,0.892045,761.8614,0.9461,264,3658.3313,0.895052,3274.3963,False
427,Macho Monky,ANOTHER,3106,0.883854,1290.7444,0.9005,277,4035.9950,0.810917,3272.8555,True
428,A,ANOTHER,2481,1.508993,189.0913,0.9122,288,3932.9040,0.832148,3272.7587,False
429,THE PEERLESS UNDER HEAVEN,ANOTHER,3466,0.627564,1834.6228,0.9034,305,4009.7594,0.816102,3272.3721,True
430,フォニイ,ANOTHER,2904,1.916340,-1657.0113,0.9149,303,3908.0388,0.836978,3270.9428,False
431,魔法のかくれんぼ,ANOTHER,2830,1.037637,1094.5892,0.9006,272,4031.1005,0.811038,3269.3741,True
432,Rave*it!! Rave*it!!,ANOTHER,3282,0.974402,759.4228,0.9088,413,3957.4089,0.825997,3268.8091,True
433,カジノファイヤーことみちゃん,LEGGENDARIA,3368,0.662347,1772.7971,0.9035,211,4003.5811,0.816263,3267.9745,True
434,Dynamite,ANOTHER,3854,0.737818,1119.7006,0.9079,377,3963.2508,0.824360,3267.1473,True
435,HEROES,ANOTHER,3503,0.801350,1263.9601,0.8957,294,4071.0892,0.802274,3266.1290,True
436,シムルグの目醒め,ANOTHER,3484,0.697163,1540.0353,0.9071,338,3968.9509,0.822759,3265.4906,True
437,BroGamer,LEGGENDARIA,4606,0.631305,1024.2513,0.9113,377,3932.0421,0.830416,3265.2295,False
438,kors k's Let's make an Image Song!,ANOTHER,2735,1.613618,-507.7029,0.9142,427,3905.5427,0.835820,3264.3304,False
439,"Life Is A Game ft.DD""ナカタ""Metal",ANOTHER,3491,0.892481,876.8889,0.9039,300,3992.5405,0.817105,3262.3246,True
440,Override,LEGGENDARIA,4300,0.487210,1839.1202,0.9104,361,3934.1246,0.828916,3261.0574,False
441,nostos,ANOTHER,2681,1.217015,747.0858,0.9018,147,4009.9024,0.813157,3260.6794,True
442,共鳴遊戯の華,ANOTHER,3898,0.501783,2001.1079,0.9077,300,3957.0569,0.823995,3260.5966,True
443,紫陽花 -AZISAI-,LEGGENDARIA,3461,0.676416,1698.1136,0.8982,227,4039.1885,0.806723,3258.5075,True
444,TRIP THE DEEP,ANOTHER,2562,1.392014,453.2467,0.9001,293,4019.5870,0.810090,3256.2291,True
445,子供の落書き帳,ANOTHER,2601,0.954926,1432.4489,0.9115,285,3916.2102,0.830791,3253.5534,False
446,Be quiet,ANOTHER,2166,1.809040,-58.9925,0.9181,177,3859.3877,0.842883,3253.0141,False
447,Sigmund,ANOTHER,3842,0.555767,1821.0035,0.9064,313,3956.2596,0.821637,3250.6105,True
448,オーバーライド,ANOTHER,3189,2.573443,-4321.4695,0.9147,277,3885.2411,0.836605,3250.4128,False
449,THE BRAVE MUST DIE,ANOTHER,4089,0.708769,1071.6232,0.9044,435,3969.7799,0.817874,3246.7778,True
450,栄冠のカンパネラ,ANOTHER,3924,0.515293,1943.4591,0.9047,363,3965.4702,0.818571,3246.0189,True
451,SOLAR ECLIPSE,ANOTHER,3642,0.682104,1545.3786,0.8971,321,4029.5999,0.804800,3243.0207,True
452,Perfect Plan,ANOTHER,2611,1.482838,79.1078,0.9059,152,3950.7970,0.820651,3242.2251,True
453,ハオ,ANOTHER,2905,1.508303,-465.9380,0.9099,227,3915.6818,0.827975,3242.0860,False
454,スキッテイエェエエェ!!!!,ANOTHER,4300,0.522978,1724.7010,0.9028,376,3973.5060,0.815035,3238.5456,True
455,東京神話,ANOTHER,2858,1.009602,1107.9430,0.9001,361,3993.3859,0.810147,3235.2299,True
456,four pieces of heaven,ANOTHER,2405,1.074728,1430.2843,0.8969,158,4015.0040,0.804422,3229.7578,True
457,Overload Frontier,ANOTHER,2635,1.288176,612.7447,0.8976,170,4007.0872,0.805611,3228.1520,True
458,ra'am,ANOTHER,2844,1.013447,1144.7047,0.8950,237,4026.9474,0.801108,3226.0206,True
459,真 地獄超特急 -HELL or HELL-,ANOTHER,3350,0.893791,1063.3140,0.8915,323,4057.5155,0.794796,3224.8990,True
460,Cult Invitation,ANOTHER,3500,0.715878,1508.0900,0.8961,341,4013.6622,0.803084,3223.3074,True
461,Amor∞Fati,ANOTHER,4158,0.481678,1981.9364,0.8992,244,3984.7524,0.808639,3222.2242,True
462,天使のカンタータ -Cantata of Angels-,ANOTHER,4184,0.457192,2060.9225,0.9000,306,3973.8155,0.810085,3219.1280,True
463,カジノファイヤーことみちゃん,ANOTHER,2482,1.397063,568.1544,0.8931,152,4035.6637,0.797595,3218.8265,True
464,Carmina,ANOTHER,3839,0.507564,2044.3939,0.8976,299,3992.9335,0.805728,3217.2195,True
465,Ganymede,ANOTHER,2356,1.525373,430.1211,0.8941,143,4023.8991,0.799467,3216.9765,True
466,狂イ咲ケ焔ノ華,ANOTHER,3653,0.902293,660.6685,0.9015,287,3956.7443,0.812700,3215.6460,True
467,Hat Surprise (Season 3),ANOTHER,2716,1.384092,131.1232,0.9087,123,3890.3159,0.825655,3212.0592,False
468,灼熱 Lost Summer Dayz,ANOTHER,2867,1.209530,589.3765,0.8896,350,4057.0992,0.791473,3211.0852,True
469,Initiation,ANOTHER,3985,0.498508,1979.5280,0.8986,391,3966.0831,0.807515,3202.6697,True
470,時空トラベローグ,ANOTHER,2675,1.431366,132.3897,0.8991,192,3961.2928,0.808459,3202.5431,True
471,DIAVOLO,ANOTHER,3218,0.778516,1509.1765,0.8932,332,4014.4425,0.797754,3202.5360,True
472,ベラ・ベ・カラベラ,ANOTHER,2786,1.197006,649.2834,0.8965,439,3984.1435,0.803798,3202.4478,True
473,LIGHTNING STRIKES,LEGGENDARIA,4138,0.469860,1971.9506,0.9043,351,3916.2329,0.817702,3202.3097,False
474,V,ANOTHER,2999,1.294678,77.5135,0.8991,379,3960.2526,0.808452,3201.6742,True
475,烽火連天の刃,ANOTHER,3458,0.804427,1214.0602,0.8948,308,3995.7693,0.800649,3199.2092,True
476,ONIGOROSHI,ANOTHER,3046,0.857521,1385.4227,0.8946,213,3997.4329,0.800291,3199.1094,True
477,桜,ANOTHER,2216,1.310866,1152.2124,0.8878,290,4057.0911,0.788192,3197.7649,True
478,華麗なる大犬円舞曲,ANOTHER,3566,0.691101,1537.8800,0.8933,231,4002.3464,0.797950,3193.6732,True
479,ChaserXX,LEGGENDARIA,3855,0.624632,1583.1043,0.8942,313,3991.0593,0.799640,3191.4108,True
480,Substance,ANOTHER,3088,1.049750,704.7731,0.8992,426,3946.3997,0.808539,3190.8188,False
481,Memoria Obscura,ANOTHER,4124,0.509175,1851.2201,0.8986,382,3951.0559,0.807491,3190.4412,True
482,Secrets,LEGGENDARIA,4131,0.544062,1706.2325,0.8979,328,3953.7519,0.806264,3187.7682,True
483,Feel The Beat,LEGGENDARIA,4362,0.391444,2229.0256,0.8989,312,3936.5061,0.808079,3181.0082,False
484,The Rebellion of Sequencer,ANOTHER,3157,0.760982,1580.6739,0.8936,243,3983.0935,0.798532,3180.6274,True
485,聖人の塔,ANOTHER,3066,0.862448,1355.9183,0.8915,271,4000.1849,0.794780,3179.2679,True
486,uen,ANOTHER,3019,0.989732,981.0295,0.8950,296,3969.0308,0.800971,3179.0786,True
487,Purple Perplex,ANOTHER,3076,0.889837,1282.6246,0.8892,304,4019.7638,0.790647,3178.2129,True
488,Blue Spring Express,ANOTHER,3280,0.807419,1289.4528,0.8980,309,3937.7865,0.806493,3175.7976,False
489,とろぴかる倶楽部,ANOTHER,2298,1.593379,310.9549,0.8938,176,3972.5406,0.798840,3173.4224,True
490,駅猫のワルツ,ANOTHER,2837,0.797253,1724.7411,0.8921,268,3986.5488,0.795924,3172.9891,True
491,Saturn,LEGGENDARIA,3492,0.660539,1651.9648,0.8951,286,3958.5654,0.801216,3171.6665,True
492,金野火織の金色提言,ANOTHER,3156,0.819235,1416.0409,0.8902,283,4001.5468,0.792482,3171.1524,True
493,Scripted Connection⇒ A mix,ANOTHER,3068,0.914832,1112.1670,0.8990,335,3918.8718,0.808283,3167.5590,False
494,IMPLANTATION,ANOTHER,2281,1.071502,1508.7492,0.8946,303,3952.8457,0.800338,3163.6126,True
495,Bad Encryption,ANOTHER,3143,0.586573,2111.1415,0.8944,365,3954.7404,0.799919,3163.4725,True
496,Everlasting Message,ANOTHER,3768,0.549731,1890.4356,0.8933,323,3961.8207,0.798059,3161.7671,True
497,3V0,ANOTHER,3026,1.159063,476.1000,0.8909,225,3983.4237,0.793662,3161.4929,True
498,thunder HOUSE NATION Remix,LEGGENDARIA,3882,0.673928,1273.0278,0.9016,372,3889.2168,0.812818,3161.2250,False
499,IX,ANOTHER,3880,0.523911,1929.5363,0.8930,298,3962.3099,0.797457,3159.7738,True
500,Confiserie,ANOTHER,3528,0.551592,1988.1302,0.8961,347,3934.1457,0.803036,3159.2599,False
501,Angelic Jelly,ANOTHER,2778,1.361552,182.8732,0.8923,145,3965.2653,0.796254,3157.3570,True
502,Don't believe the hype,ANOTHER,3305,0.920428,1026.0338,0.8810,289,4068.0467,0.776114,3157.2682,True
503,SCREAM SQUAD,ANOTHER,2030,1.746929,380.0236,0.8967,268,3926.2901,0.804074,3157.0273,False
504,Sigmund,LEGGENDARIA,4327,0.432845,2109.8241,0.8900,276,3982.7442,0.792070,3154.6104,True
505,Seraph,ANOTHER,2422,2.246131,-1612.4274,0.9073,199,3827.7011,0.823266,3151.2166,False
506,Journey,LEGGENDARIA,3143,1.565036,-1003.6129,0.8965,190,3915.2962,0.803789,3147.0704,False
507,Lisa-RICCIA,LEGGENDARIA,4565,0.515473,1584.6606,0.8938,358,3937.7955,0.798911,3145.9486,False
508,REVOLVER,LEGGENDARIA,3353,0.641826,1826.6038,0.8891,320,3978.6468,0.790581,3145.4438,True
509,恋する☆宇宙戦争っ！！,LEGGENDARIA,4635,0.426963,1994.8464,0.8896,318,3973.8211,0.791424,3144.9780,True
510,Elemental Creation,ANOTHER,4159,0.524955,1793.7204,0.8881,359,3977.0103,0.788787,3137.0152,True
511,four pieces of heaven,LEGGENDARIA,2930,0.596809,2202.5107,0.8903,202,3951.1616,0.792644,3131.8637,True
512,GO OVER WITH GLARE -ROOTAGE 26-,ANOTHER,3913,0.654616,1372.3411,0.8918,336,3933.8525,0.795257,3128.4228,False
513,煉獄のエルフェリア,ANOTHER,3936,0.513934,1946.4031,0.8876,337,3969.2490,0.787919,3127.4473,True
514,TITANS RETURN,LEGGENDARIA,2662,0.883112,1627.6638,0.8864,242,3978.5071,0.785646,3125.6982,True
515,Level One,ANOTHER,3583,0.587386,1904.8495,0.8829,290,4009.4542,0.779472,3125.2553,True
516,Erosion Mark,ANOTHER,2149,2.288854,-1106.4890,0.9052,133,3812.2586,0.819407,3123.7909,False
517,One More Lovely,ANOTHER,2837,1.108968,819.6873,0.8866,316,3965.8304,0.786090,3117.5014,True
518,rough percussionythm,ANOTHER,2560,1.418051,386.8954,0.8803,253,4017.1069,0.774960,3113.0986,True
519,KAMAITACHI,LEGGENDARIA,3901,0.464162,2163.2277,0.8850,306,3973.9244,0.783244,3112.5517,True
520,Do it!! Do it!!,ANOTHER,1964,1.323253,1404.3841,0.8815,211,4003.2523,0.777103,3110.9412,True
521,Level 3,ANOTHER,3530,0.802184,1194.1893,0.8788,337,4025.9004,0.772320,3109.2852,True
522,Illegal Function Call,ANOTHER,2722,1.183390,848.0240,0.8740,191,4069.2106,0.763937,3108.6220,True
523,Bounce Bounce Bounce,ANOTHER,2504,1.442572,410.4998,0.8789,216,4022.7014,0.772476,3107.4423,True
524,voltississimo,ANOTHER,3641,0.668809,1524.6430,0.8852,271,3959.7781,0.783640,3103.0395,True
525,BLUE MIRAGE,ANOTHER,3107,0.640071,2018.5550,0.8799,239,4007.2542,0.774269,3102.6908,True
526,255,ANOTHER,3309,0.694581,1659.7269,0.8852,340,3958.0939,0.783557,3101.3936,True
527,Glitch N Ride,ANOTHER,2701,0.793780,1850.5200,0.8811,293,3994.5207,0.776306,3100.9723,True
528,Halfway of promise,ANOTHER,1864,2.740800,-1048.9345,0.8739,212,4059.9176,0.763705,3100.5809,True
529,Harmony and Lovely,ANOTHER,2245,1.768582,-48.3195,0.8889,261,3922.1460,0.790216,3099.3409,False
530,Welcome,ANOTHER,2684,1.312337,440.4746,0.8841,130,3962.7868,0.781615,3097.3725,True
531,GAME ON,ANOTHER,2752,1.296634,451.0252,0.8775,286,4019.3614,0.770001,3094.9106,True
532,Uh-Oh,ANOTHER,2440,1.482253,337.4829,0.8840,218,3954.1808,0.781505,3090.2116,True
533,WHA,ANOTHER,3703,0.615624,1746.9554,0.8755,246,4026.6094,0.766501,3086.3992,True
534,Phoenix,LEGGENDARIA,3938,0.459851,2127.4987,0.8852,329,3938.3933,0.783524,3085.8250,False
535,ディスコルディア,ANOTHER,3966,0.547801,1831.7673,0.8777,307,4004.3463,0.770289,3084.5033,True
536,Y&Co. is dead or alive,ANOTHER,2863,0.927585,1387.0626,0.8734,243,4042.7389,0.762878,3084.1151,True
537,GuNGNiR,ANOTHER,3991,0.562440,1756.2198,0.8779,325,4000.9196,0.770694,3083.4829,True
538,perditus†paradisus,ANOTHER,3934,0.492835,2047.2427,0.8794,315,3986.0544,0.773356,3082.6408,True
539,シル・ヴ・プレジデント,LEGGENDARIA,2588,2.288129,-2022.7475,0.8888,273,3898.9300,0.790039,3080.3065,False
540,烽火連天の刃,LEGGENDARIA,4418,0.415035,2156.4982,0.8781,288,3990.1242,0.771082,3076.7119,True
541,STEEL NEEDLE,LEGGENDARIA,3299,0.609154,1916.5870,0.8852,270,3926.1871,0.783608,3076.5934,False
542,FiZZλ_POT!0N,ANOTHER,3388,0.598348,1881.6152,0.8870,339,3908.8174,0.786818,3075.5282,False
543,Back Spin Sweeper,ANOTHER,2279,1.440428,645.8182,0.8844,155,3928.5536,0.782172,3072.8053,False
544,VOX UP,ANOTHER,3372,0.751674,1256.7842,0.9001,259,3791.4300,0.810113,3071.4850,False
545,CODE:0,LEGGENDARIA,3566,0.742260,1445.0843,0.8659,216,4091.9825,0.749737,3067.9113,True
546,Timepiece phase II (CN Ver.),ANOTHER,3031,0.679200,1937.3894,0.8761,326,3996.0436,0.767486,3066.9075,True
547,ラクエン,ANOTHER,2041,1.785998,346.6914,0.8765,134,3991.9135,0.768272,3066.8761,True
548,The Clown of 24stairs,ANOTHER,3408,0.637822,1811.1913,0.8769,299,3984.8876,0.768978,3064.2922,True
549,SWEETEST SAVAGE,ANOTHER,1837,2.130486,27.2256,0.8817,146,3940.9290,0.777408,3063.7100,False
550,Antigravity,ANOTHER,3081,0.879179,1266.2616,0.8778,249,3975.0110,0.770524,3062.8421,True
551,MEGAERA,ANOTHER,3452,0.620618,1802.0434,0.8810,330,3944.4174,0.776112,3061.3098,False
552,Plan 8,ANOTHER,3279,0.867543,1233.9503,0.8655,342,4078.6228,0.749134,3055.4351,True
553,オドループ,LEGGENDARIA,2991,2.819963,-4590.2975,0.8913,313,3844.2112,0.794373,3053.7374,False
554,DEATH†ZIGOQ ～怒りの高速爆走野郎～,ANOTHER,4035,0.508703,1903.8435,0.8782,285,3956.4618,0.771231,3051.3478,True
555,CODE:0,ANOTHER,2885,1.260968,391.5440,0.8702,148,4029.4356,0.757229,3051.2047,True
556,Beat Radiance,LEGGENDARIA,3581,1.245312,-602.8860,0.8892,406,3856.5777,0.790612,3049.0580,False
557,メズマライザー,ANOTHER,2739,2.057960,-1744.6685,0.8850,321,3892.0830,0.783304,3048.6832,False
558,Monkey Business,ANOTHER,2609,1.247566,721.7326,0.8753,281,3976.6319,0.766135,3046.6376,True
559,Wonder Bullfighter,ANOTHER,2092,1.817717,271.8005,0.8642,196,4074.4647,0.746853,3043.0263,True
560,Violet Pulse,LEGGENDARIA,3952,0.561211,1677.3392,0.8838,301,3895.2448,0.781172,3042.8577,False
561,Devilz Staircase,ANOTHER,2755,0.845852,1196.5160,0.9288,285,3526.8376,0.862619,3042.3170,False
562,Miracle 5ympho X,LEGGENDARIA,3033,1.014532,1043.2248,0.8589,263,4120.3002,0.737727,3039.6572,True
563,マーシャル・マキシマイザー,ANOTHER,2156,3.003621,-2615.1414,0.8868,314,3860.6646,0.786502,3036.4216,False
564,Dances with Snow Fairies,LEGGENDARIA,4118,0.446370,2148.2210,0.8727,307,3986.3719,0.761587,3035.9683,True
565,Zenith,ANOTHER,2177,1.682052,335.5293,0.8713,237,3997.3558,0.759171,3034.6774,True
566,EBONY & IVORY,LEGGENDARIA,3688,0.461309,2255.6885,0.8754,232,3956.9964,0.766346,3032.4298,True
567,MAX 300,ANOTHER,2800,0.917428,1375.1748,0.8768,300,3943.9742,0.768831,3032.2483,False
568,3y3s,ANOTHER,3602,0.521186,2098.6327,0.8732,305,3975.9456,0.762400,3031.2628,True
569,VOID,ANOTHER,3313,0.524983,2236.8835,0.8728,228,3976.1539,0.761777,3028.9410,True
570,Ignis†Irae,ANOTHER,3798,0.557971,1884.2953,0.8698,379,4003.4689,0.756525,3028.7253,True
571,疾風迅雷,LEGGENDARIA,3465,0.548797,2073.2050,0.8722,277,3974.7855,0.760721,3023.7043,True
572,Time to Air,LEGGENDARIA,3642,0.767144,1134.4267,0.8773,354,3928.3649,0.769710,3023.7025,False
573,"灼熱Beach Side Bunny (かめりあ's ""Summertime D'n'B"" Remix)",ANOTHER,3252,0.796721,1454.7395,0.8638,261,4045.6756,0.746221,3018.9674,True
574,Sakura Reflection,ANOTHER,2372,2.877001,-2961.2027,0.8840,261,3863.0448,0.781375,3018.4850,False
575,BLACK.by X-Cross Fade,ANOTHER,3428,0.735202,1490.9399,0.8665,385,4011.2123,0.750900,3012.0187,True
576,Snake Stick,ANOTHER,2821,0.952220,1388.0038,0.8596,335,4074.2176,0.738836,3010.1793,True
577,Chrono Diver -PENDULUMs-,ANOTHER,4314,0.417574,2134.5385,0.8738,356,3935.9519,0.763526,3005.2011,False
578,ベィスドロップ・フリークス,LEGGENDARIA,2498,1.186665,1080.7771,0.8619,286,4045.0661,0.742846,3004.8625,True
579,タンポポ,ANOTHER,2667,2.062852,-1635.5567,0.8814,278,3866.0683,0.776914,3003.6008,False
580,ワルツ第17番 ト短調”大犬のワルツ”,ANOTHER,3263,0.891547,1123.4623,0.8625,352,4032.5800,0.743972,3000.1267,True
581,naughty girl@Queen's Palace,LEGGENDARIA,2712,1.149613,915.0079,0.8623,262,4032.7593,0.743494,2998.3343,True
582,Lost Souls,LEGGENDARIA,3919,0.438220,2195.9914,0.8752,347,3913.3753,0.765902,2997.2603,False
583,Be quiet,LEGGENDARIA,2861,0.732715,1905.3591,0.8639,265,4001.6581,0.746351,2986.6434,True
584,Ah Hah Yeah,ANOTHER,2196,1.749252,179.7692,0.8615,179,4021.1273,0.742168,2984.3535,True
585,XHRONOXAPSULΞ,ANOTHER,3858,0.477310,2139.8719,0.8650,285,3981.3358,0.748290,2979.1921,True
586,君のハートにロックオン,LEGGENDARIA,3516,0.618748,1796.8350,0.8660,272,3972.3529,0.749978,2979.1784,True
587,Hydrogen Blueback,LEGGENDARIA,2458,1.217030,1044.8801,0.8582,332,4036.3409,0.736425,2972.4604,True
588,D,ANOTHER,2594,1.094372,1145.1258,0.8630,196,3983.9270,0.744831,2967.3531,True
589,Beat Juggling Mix,ANOTHER,2240,1.461419,748.1893,0.8586,227,4021.7687,0.737200,2964.8476,True
590,mosaic,ANOTHER,3012,1.737159,-1399.6772,0.8782,409,3832.6459,0.771257,2955.9548,False
591,EROICA,ANOTHER,3913,0.744017,1086.6479,0.8595,388,3997.9846,0.738772,2953.5976,True
592,Red. by Full Metal Jacket,ANOTHER,3220,0.903503,1108.0441,0.8560,380,4017.3241,0.732739,2943.6518,True
593,SABER WING,ANOTHER,2850,1.440427,-170.2825,0.8645,290,3934.9348,0.747397,2940.9568,False
594,Dans la nuit de l'eternite,ANOTHER,3529,0.822607,1142.9370,0.8521,262,4045.9159,0.726105,2937.7601,True
595,KAISER PHOENIX,LEGGENDARIA,3958,0.390620,2404.5489,0.8623,288,3950.6232,0.743580,2937.6047,True
596,雪上断火,ANOTHER,3024,1.145976,538.3005,0.8558,351,4003.7330,0.732460,2932.5748,True
597,Watch Out Pt.2,ANOTHER,2940,0.868950,1505.0402,0.8495,430,4059.7522,0.721628,2929.6309,True
598,199024club -Re:BounceKiller-,ANOTHER,2454,1.238265,1065.5578,0.8444,337,4104.2594,0.713077,2926.6531,True
599,n/a,ANOTHER,3576,0.479775,2274.1572,0.8564,251,3989.8319,0.733359,2925.9798,True
600,泰東ノ翠霞,ANOTHER,1733,1.689193,933.3926,0.8704,132,3860.7644,0.757643,2925.0803,False
601,Catch Me,LEGGENDARIA,2190,1.654996,437.2639,0.8485,329,4061.7041,0.719964,2924.2789,True
602,PARANOiA ～HADES～,ANOTHER,2679,0.860987,1596.8420,0.8649,284,3903.4274,0.748038,2919.9104,False
603,寝起きヤシの木,ANOTHER,2805,1.479611,-263.2992,0.8666,281,3887.0096,0.750926,2918.8555,False
604,The Limbo,LEGGENDARIA,4266,0.421352,2158.8700,0.8571,320,3956.3569,0.734652,2906.5445,True
605,With You,ANOTHER,2561,1.345809,497.2532,0.8576,240,3943.8713,0.735457,2900.5468,False
606,Red. by Jack Trance,ANOTHER,3651,0.603606,1823.5457,0.8483,300,4027.3111,0.719530,2897.7730,True
607,二人ノ廃城幽踊宴,ANOTHER,3609,0.562132,1950.6434,0.8532,181,3979.3773,0.727933,2896.7186,True
608,MIRACLE MEETS,ANOTHER,2242,2.751385,-2231.9126,0.8568,295,3936.6928,0.734111,2889.9703,False
609,冥,ANOTHER,3853,0.439937,2302.7415,0.8501,333,3997.8183,0.722664,2889.0795,True
610,T.R.O.L.L.,ANOTHER,2632,1.031843,1294.6396,0.8487,231,4010.4494,0.720358,2888.9590,True
611,Inferno of Fomalhaut,ANOTHER,3246,0.703258,1787.3158,0.8425,233,4070.0921,0.709787,2888.8964,True
612,Just a Little Smile,ANOTHER,2529,1.244185,895.5531,0.8447,222,4042.0960,0.713482,2883.9647,True
613,卑弥呼,ANOTHER,4088,0.396250,2354.5092,0.8518,335,3974.3811,0.725576,2883.7164,True
614,Bling-Bang-Bang-Born,LEGGENDARIA,2159,1.484270,826.6416,0.8437,390,4031.1796,0.711794,2869.3697,True
615,SCREW // owo // SCREW,ANOTHER,3075,1.014834,914.1863,0.8408,295,4034.8017,0.706886,2852.1453,True
616,SμG@R RU$#,ANOTHER,3700,0.452109,2312.8339,0.8443,280,3985.6374,0.712761,2840.8058,True
617,Level 4,ANOTHER,3622,0.601033,1836.2074,0.8407,293,4013.1494,0.706859,2836.7325,True
618,X-DEN,ANOTHER,4185,0.341130,2565.7652,0.8427,216,3993.3961,0.710061,2835.5566,True
619,花冠 feat.Aikapin,ANOTHER,2678,1.047909,1216.0361,0.8375,226,4022.3353,0.701412,2821.3144,True
620,RAGE feat.H14 of LEONAIR,ANOTHER,3585,0.661838,1664.9856,0.8335,297,4037.6730,0.694677,2804.8806,True
621,Theory,ANOTHER,2643,0.986662,1403.7919,0.8357,274,4011.5388,0.698376,2801.5620,True
622,VANESSA,LEGGENDARIA,3482,0.491028,2273.6791,0.8377,281,3983.4398,0.701716,2795.2439,True
623,Go Ahead!!,ANOTHER,2642,0.701083,2056.1905,0.8449,307,3908.4510,0.713804,2789.8661,False
624,TRANOID,LEGGENDARIA,3040,0.588022,2180.1732,0.8384,203,3967.7610,0.702954,2789.1527,True
625,MENTAL MELTDOWN,ANOTHER,2822,1.132580,770.1688,0.8383,169,3966.3104,0.702743,2787.2949,True
626,Innocent Walls,ANOTHER,2836,1.032386,1042.8402,0.8365,256,3970.6882,0.699718,2778.3615,True
627,DAY DREAM,ANOTHER,2086,1.035717,1854.8993,0.8314,241,4015.4058,0.691205,2775.4702,True
628,Verflucht,LEGGENDARIA,4694,0.287207,2581.3423,0.8397,304,3929.4902,0.705054,2770.5042,False
629,音楽,ANOTHER,2853,0.715515,1947.2486,0.8334,261,3988.6129,0.694560,2770.3319,True
630,ICARUS,LEGGENDARIA,3804,0.351822,2629.7507,0.8326,203,3968.0825,0.693215,2750.7338,True
631,HAERETICUS,ANOTHER,2464,0.890681,1251.6595,0.8932,301,3446.2979,0.797850,2749.6304,False
632,Somnidiscotheque,ANOTHER,3250,0.559229,2169.1397,0.8291,355,3986.6340,0.687361,2740.2585,True
633,GiGaGaHell,ANOTHER,3235,0.758398,1576.5822,0.8231,240,4029.9985,0.677437,2730.0719,True
634,MAD ATTACK,LEGGENDARIA,2703,0.926910,1543.3074,0.8199,308,4048.7438,0.672227,2721.6749,True
635,"ピアノ独奏無言歌 ""灰燼""",ANOTHER,3812,0.363364,2595.9863,0.8262,198,3981.1285,0.682537,2717.2682,True
636,fixer,ANOTHER,3592,0.506192,2176.7787,0.8245,262,3995.0211,0.679862,2716.0649,True
637,IDC feat.REVERBEE (Mo'Cuts Ver),ANOTHER,2263,1.357145,986.9682,0.8173,231,4058.1881,0.667993,2710.8413,True
638,Digitank System,ANOTHER,2183,1.731915,282.3121,0.8159,274,4063.0818,0.665613,2704.4398,True
639,CHECKING YOU OUT,ANOTHER,1382,2.474455,632.3851,0.8098,205,4052.0815,0.655719,2657.0253,True
640,Beyond Evolution,ANOTHER,3889,0.330675,2607.9017,0.8258,244,3893.8976,0.681912,2655.2954,False
641,Lords Of The Roundtable,ANOTHER,3091,0.735997,1721.9142,0.8144,325,3996.8805,0.663291,2651.0962,True
642,Marie Antoinette,LEGGENDARIA,3138,0.809241,1316.1470,0.8281,221,3855.5449,0.685751,2643.9438,False
643,聖人の塔,LEGGENDARIA,4330,0.352865,2411.0901,0.8144,246,3938.9947,0.663278,2612.6491,False
644,Sinus Iridum,ANOTHER,3408,0.462739,2434.1224,0.8063,211,4011.1373,0.650160,2607.8816,True
645,GuNGNiR,LEGGENDARIA,4589,0.330280,2444.8557,0.8088,281,3960.5094,0.654187,2590.9146,True
646,惑星鉄道,ANOTHER,2931,0.492111,2525.6168,0.8056,258,3967.9952,0.649010,2575.2680,True
647,SAMURAI-Scramble,ANOTHER,2440,1.193687,1060.8316,0.8049,373,3973.4282,0.647920,2574.4617,True
648,DEATH†ZIGOQ ～怒りの高速爆走野郎～,LEGGENDARIA,4763,0.260478,2706.9148,0.8041,278,3947.5711,0.646593,2552.4722,False
649,Illegal Function Call,LEGGENDARIA,3706,0.403403,2472.3339,0.8011,259,3967.3449,0.641815,2546.3023,True
650,m1dy Deluxe,ANOTHER,2557,0.963439,1443.6057,0.7995,168,3907.1195,0.639255,2497.6439,False
651,DUE TOMORROW,ANOTHER,2082,1.044890,1856.1525,0.7840,252,4031.6143,0.614662,2478.0817,True
652,BREAK OVER,ANOTHER,2387,1.342195,675.0254,0.7989,114,3878.8442,0.638221,2475.5596,False
653,Fascination MAXX,ANOTHER,2544,0.958558,1574.5266,0.7805,334,4013.0983,0.609193,2444.7516,True
654,Mare Nectaris,ANOTHER,3823,0.419897,2386.2044,0.7818,299,3991.4707,0.611148,2439.3787,True
655,The Chase,ANOTHER,2261,0.996864,1799.2650,0.7556,308,4053.1753,0.570873,2313.8487,True
656,Level 5,ANOTHER,3744,0.451513,2330.9687,0.7469,279,4021.4317,0.557787,2243.1016,True
657,Makin' It,ANOTHER,2875,0.721076,1985.6935,0.7417,379,4058.7867,0.550108,2232.7726,True
658,FUTURE is Dead,ANOTHER,2276,1.266460,1071.2798,0.7492,180,3953.7438,0.561304,2219.2540,True
659,灼熱 Pt.2 Long Train Running,ANOTHER,3482,0.396061,2617.7612,0.7232,266,3996.8444,0.523026,2090.4543,True
660,灼熱Beach Side Bunny,ANOTHER,3278,0.431997,2597.6634,0.7077,306,4013.7483,0.500854,2010.3022,True
661,SAMURAI-Scramble,LEGGENDARIA,3013,0.563956,2353.7273,0.7033,226,4052.9275,0.494606,2004.6026,True
662,Skratch Education Lv-1,ANOTHER,3007,0.402813,2777.9527,0.6621,212,3989.2120,0.438351,1748.6754,True
